order_id,customer_age,gender,product_category,order_value,payment_method,delivery_days,returned
1,56.0,Male,Sports,30.01,Bank Transfer,4.0,No
2,46.0,Female,Home,674.96,Debit Card,4.0,No
3,32.0,Male,Fashion,494.09,Bank Transfer,6.0,No
4,60.0,Female,Beauty,96.86,E-Wallet,6.0,No
5,,Female,Home,737.43,Credit Card,9.0,Yes
6,38.0,Female,Home,68.1,Credit Card,12.0,No
7,56.0,Female,Sports,226.34,E-Wallet,5.0,No
8,36.0,Male,Home,198.8,E-Wallet,8.0,No
9,40.0,Male,Fashion,53.04,E-Wallet,5.0,Yes
10,28.0,Other,Fashion,389.38,Bank Transfer,2.0,No
11,28.0,Female,Electronics,370.93,Credit Card,6.0,No
12,41.0,Other,Fashion,348.85,E-Wallet,9.0,No
13,53.0,Male,Home,212.49,Bank Transfer,13.0,Yes
14,57.0,Female,Fashion,418.19,E-Wallet,3.0,No
15,41.0,Other,Sports,128.81,Debit Card,1.0,No
16,20.0,Male,Electronics,401.83,Debit Card,1.0,No
17,39.0,Male,Home,181.44,Credit Card,13.0,No
18,19.0,Female,Electronics,149.7,Bank Transfer,3.0,No
19,41.0,Female,Home,281.37,Debit Card,10.0,No
20,61.0,,Sports,285.13,Debit Card,5.0,No
21,47.0,Male,Electronics,167.47,Bank Transfer,3.0,No
22,55.0,Female,Beauty,93.0,E-Wallet,9.0,No
23,19.0,Male,Home,282.07,Bank Transfer,8.0,Yes
24,38.0,Male,Beauty,28.26,E-Wallet,3.0,No
25,50.0,Male,Electronics,108.33,Debit Card,9.0,No
26,29.0,Female,Beauty,256.73,Debit Card,13.0,No
27,39.0,Female,Beauty,68.29,Debit Card,6.0,No
28,61.0,Female,Electronics,189.13,Credit Card,13.0,Yes
29,42.0,Male,Sports,273.62,Credit Card,7.0,No
30,44.0,,Beauty,151.94,Credit Card,4.0,No
31,59.0,Male,Beauty,135.75,Bank Transfer,4.0,No
32,45.0,Female,Sports,110.21,Debit Card,12.0,No
33,33.0,Male,Beauty,227.87,Debit Card,13.0,Yes
34,32.0,Male,Beauty,450.15,Bank Transfer,2.0,No
35,64.0,Female,Beauty,143.41,Credit Card,5.0,Yes
36,,Male,Fashion,53.16,Bank Transfer,,No
37,20.0,Female,Sports,324.48,Credit Card,7.0,No
38,54.0,Female,Beauty,269.74,Debit Card,7.0,No
39,24.0,Male,Sports,716.13,E-Wallet,6.0,No
40,,Female,Home,355.42,Credit Card,3.0,No
41,26.0,Male,Home,103.16,Debit Card,5.0,No
42,56.0,Female,Beauty,78.77,Debit Card,13.0,No
43,35.0,,Sports,110.45,E-Wallet,1.0,No
44,21.0,Female,Sports,551.2,Debit Card,7.0,No
45,42.0,,Sports,299.14,Debit Card,9.0,No
46,31.0,,Fashion,354.07,Credit Card,1.0,No
47,26.0,Female,Home,330.7,Credit Card,13.0,Yes
48,43.0,Male,Sports,381.5,E-Wallet,2.0,No
49,19.0,Male,Sports,84.48,E-Wallet,3.0,Yes
50,37.0,Female,Fashion,174.88,Debit Card,3.0,No
51,45.0,Female,Fashion,224.08,Credit Card,8.0,Yes
52,64.0,Female,Sports,6248.35,E-Wallet,7.0,No
53,24.0,Female,Electronics,224.38,E-Wallet,6.0,No
54,61.0,Female,Sports,308.77,Bank Transfer,10.0,No
55,25.0,Male,Sports,174.85,E-Wallet,10.0,No
56,64.0,Male,Fashion,212.38,Debit Card,11.0,No
57,52.0,Male,Fashion,125.77,Credit Card,4.0,No
58,31.0,Female,Sports,95.82,E-Wallet,9.0,No
59,34.0,Male,Sports,270.57,Bank Transfer,1.0,Yes
60,53.0,Female,Sports,122.94,Credit Card,11.0,No
61,57.0,Female,Fashion,96.98,E-Wallet,2.0,No
62,21.0,Female,Sports,142.93,Bank Transfer,14.0,No
63,19.0,Male,Sports,195.36,E-Wallet,4.0,Yes
64,23.0,Female,Beauty,248.04,Credit Card,3.0,No
65,59.0,Male,Electronics,96.64,Credit Card,1.0,No
66,21.0,Female,Home,158.83,Credit Card,,No
67,46.0,Male,Electronics,255.13,Debit Card,7.0,No
68,35.0,Male,Beauty,96.89,E-Wallet,2.0,No
69,43.0,Female,Home,509.64,Debit Card,5.0,No
70,61.0,Male,Sports,436.14,Credit Card,6.0,No
71,51.0,Male,Beauty,302.58,Bank Transfer,11.0,No
72,27.0,Female,Sports,323.4,E-Wallet,7.0,No
73,53.0,Female,Fashion,175.59,Debit Card,1.0,Yes
74,31.0,Female,Beauty,151.38,E-Wallet,7.0,Yes
75,,Female,Fashion,684.88,Bank Transfer,4.0,No
76,32.0,Female,Beauty,218.1,Debit Card,8.0,No
77,25.0,Male,Beauty,155.62,Credit Card,13.0,No
78,31.0,Male,Fashion,88.13,Debit Card,4.0,Yes
79,40.0,Male,Home,216.12,E-Wallet,6.0,Yes
80,57.0,Other,Electronics,228.61,E-Wallet,9.0,No
81,38.0,Female,Sports,213.03,E-Wallet,5.0,Yes
82,33.0,Male,Beauty,320.45,E-Wallet,14.0,No
83,62.0,Female,Sports,160.28,Credit Card,,Yes
84,35.0,Other,Fashion,508.15,Debit Card,4.0,Yes
85,64.0,Male,Sports,126.22,Credit Card,8.0,No
86,41.0,Female,Fashion,139.05,Credit Card,13.0,No
87,43.0,Female,Sports,152.32,Credit Card,9.0,No
88,42.0,Female,Electronics,171.75,E-Wallet,4.0,No
89,62.0,Male,Electronics,110.85,E-Wallet,3.0,No
90,58.0,Female,Electronics,26.93,E-Wallet,8.0,No
91,46.0,Other,Electronics,107.38,Debit Card,14.0,No
92,32.0,Female,Electronics,314.07,Bank Transfer,5.0,No
93,62.0,Female,Electronics,63.81,E-Wallet,2.0,Yes
94,18.0,,Fashion,306.24,Debit Card,10.0,No
95,42.0,Female,Beauty,694.27,E-Wallet,9.0,No
96,24.0,Male,Sports,466.12,E-Wallet,3.0,No
97,26.0,Female,Electronics,229.15,Credit Card,12.0,No
98,41.0,Female,Fashion,135.44,Credit Card,2.0,No
99,18.0,Male,Fashion,144.52,Credit Card,1.0,No
100,61.0,Female,Fashion,224.17,Debit Card,14.0,No
101,25.0,Other,Beauty,315.54,Bank Transfer,8.0,No
102,41.0,Other,Sports,362.48,Bank Transfer,11.0,No
103,28.0,Female,Beauty,619.53,Debit Card,3.0,No
104,34.0,Male,Home,743.4,E-Wallet,7.0,No
105,25.0,Other,Fashion,274.85,Debit Card,1.0,No
106,52.0,Female,Home,113.04,E-Wallet,1.0,Yes
107,52.0,Male,Electronics,314.27,Debit Card,12.0,Yes
108,50.0,Other,Electronics,70.5,Debit Card,9.0,No
109,22.0,Female,Beauty,86.91,Debit Card,12.0,No
110,59.0,Female,Sports,429.26,Bank Transfer,8.0,No
111,56.0,Female,Home,291.37,Credit Card,12.0,No
112,58.0,Male,Sports,250.36,Debit Card,13.0,No
113,45.0,Male,Beauty,610.43,Bank Transfer,,No
114,24.0,Male,Electronics,278.05,Credit Card,6.0,No
115,26.0,Female,Sports,232.35,Credit Card,11.0,Yes
116,25.0,,Sports,184.8,Debit Card,3.0,No
117,29.0,Male,Electronics,127.02,E-Wallet,13.0,No
118,51.0,Male,Home,279.21,E-Wallet,12.0,No
119,50.0,Female,Electronics,177.96,E-Wallet,4.0,No
120,40.0,Other,Sports,58.12,Debit Card,1.0,No
121,,Male,Home,231.19,E-Wallet,5.0,No
122,54.0,Male,Home,191.21,Bank Transfer,1.0,No
123,52.0,Female,Electronics,429.36,Bank Transfer,,No
124,61.0,Female,Sports,11.56,Bank Transfer,1.0,Yes
125,57.0,Male,Beauty,307.73,Bank Transfer,10.0,No
126,39.0,Female,Sports,195.47,Credit Card,11.0,No
127,,Male,Fashion,45.44,Bank Transfer,11.0,No
128,52.0,Male,Beauty,219.36,E-Wallet,14.0,No
129,18.0,Female,Home,131.45,Debit Card,7.0,Yes
130,52.0,Male,Beauty,123.76,E-Wallet,12.0,Yes
131,54.0,Other,Home,294.89,Bank Transfer,6.0,No
132,64.0,Male,Home,342.22,Credit Card,2.0,No
133,31.0,Female,Beauty,293.05,Bank Transfer,14.0,No
134,20.0,Female,Home,181.73,Debit Card,11.0,No
135,18.0,Male,Home,270.03,E-Wallet,12.0,No
136,22.0,Female,Fashion,293.61,Debit Card,2.0,No
137,43.0,Male,Sports,529.8,Debit Card,11.0,No
138,31.0,Other,Sports,167.74,Debit Card,7.0,No
139,56.0,Male,Fashion,251.25,E-Wallet,1.0,No
140,44.0,,Beauty,411.92,Bank Transfer,13.0,No
141,26.0,Male,Electronics,373.06,Debit Card,2.0,Yes
142,32.0,Other,Electronics,18.65,E-Wallet,12.0,No
143,32.0,Female,Electronics,133.29,Credit Card,8.0,No
144,43.0,Female,Fashion,281.73,E-Wallet,6.0,No
145,59.0,Male,Fashion,95.6,Credit Card,14.0,Yes
146,30.0,Female,Home,98.15,E-Wallet,2.0,No
147,49.0,Male,Electronics,198.89,Bank Transfer,7.0,Yes
148,56.0,Female,Beauty,311.21,Debit Card,4.0,Yes
149,49.0,Male,Beauty,106.78,Bank Transfer,2.0,No
150,21.0,Male,Electronics,239.87,E-Wallet,12.0,No
151,47.0,Male,Electronics,35.09,Debit Card,6.0,No
152,54.0,Female,Electronics,141.42,Credit Card,11.0,No
153,,Female,Fashion,461.43,E-Wallet,9.0,Yes
154,56.0,Male,Fashion,25.8,Debit Card,11.0,No
155,62.0,Female,Fashion,285.36,Credit Card,9.0,No
156,32.0,Female,Sports,320.14,Credit Card,14.0,No
157,60.0,Female,Beauty,276.47,Bank Transfer,8.0,No
158,46.0,Male,Beauty,93.7,E-Wallet,3.0,No
159,53.0,Male,Home,286.27,Credit Card,3.0,No
160,30.0,Female,Fashion,596.54,Debit Card,2.0,Yes
161,49.0,Male,Sports,173.14,Credit Card,5.0,No
162,,Male,Sports,228.07,Credit Card,14.0,No
163,39.0,Female,Beauty,154.94,Bank Transfer,12.0,Yes
164,45.0,Other,Fashion,424.19,Bank Transfer,14.0,No
165,19.0,Male,Home,217.94,Debit Card,4.0,No
166,59.0,Male,Fashion,394.24,Bank Transfer,7.0,No
167,62.0,Female,Electronics,339.28,Credit Card,4.0,Yes
168,23.0,Male,Fashion,39.11,Credit Card,9.0,No
169,45.0,Male,Electronics,51.7,Bank Transfer,12.0,No
170,45.0,Male,Electronics,87.64,Credit Card,12.0,No
171,61.0,Female,Home,114.94,Credit Card,2.0,No
172,61.0,Female,Beauty,453.02,Debit Card,11.0,No
173,37.0,Male,Fashion,120.21,Bank Transfer,14.0,No
174,,Male,Electronics,192.53,Credit Card,6.0,No
175,28.0,Male,Fashion,386.95,Bank Transfer,7.0,No
176,45.0,Female,Beauty,15.9,Debit Card,4.0,No
177,42.0,Male,Beauty,174.3,Bank Transfer,13.0,No
178,56.0,Male,Sports,126.06,Credit Card,6.0,Yes
179,50.0,Female,Beauty,397.13,Bank Transfer,7.0,No
180,18.0,Male,Home,175.86,Credit Card,4.0,No
181,44.0,Female,Electronics,425.18,Credit Card,8.0,No
182,,Male,Sports,89.8,Credit Card,,No
183,58.0,Male,Home,306.26,Debit Card,,No
184,20.0,Male,Fashion,6248.35,Bank Transfer,7.0,No
185,56.0,Female,Electronics,94.73,Debit Card,9.0,No
186,23.0,Female,Beauty,88.33,Bank Transfer,12.0,No
187,25.0,Female,Electronics,330.38,Debit Card,10.0,No
188,,Male,Fashion,104.74,E-Wallet,5.0,No
189,26.0,Female,Sports,59.33,Credit Card,12.0,No
190,54.0,Male,Sports,30.69,Credit Card,2.0,Yes
191,50.0,Male,Sports,221.36,Debit Card,10.0,No
192,59.0,Female,Beauty,32.98,E-Wallet,6.0,No
193,61.0,Male,Home,157.85,Credit Card,12.0,No
194,41.0,Male,Home,227.85,Bank Transfer,12.0,No
195,32.0,Male,Electronics,76.69,Debit Card,7.0,No
196,49.0,Male,Beauty,65.32,Credit Card,2.0,No
197,49.0,Male,Sports,173.25,Credit Card,2.0,No
198,41.0,Female,Sports,160.43,Debit Card,10.0,Yes
199,58.0,Male,Fashion,236.12,Debit Card,14.0,No
200,29.0,Female,Fashion,169.9,Bank Transfer,12.0,No
201,56.0,Female,Sports,189.67,Bank Transfer,,No
202,19.0,Male,Sports,316.82,Credit Card,,No
203,20.0,,Beauty,72.31,Credit Card,4.0,No
204,54.0,Male,Home,337.36,Debit Card,7.0,No
205,34.0,Female,Fashion,433.99,Credit Card,14.0,No
206,19.0,,Home,172.98,Credit Card,,No
207,19.0,Female,Beauty,23.91,Debit Card,3.0,Yes
208,45.0,Male,Sports,144.32,Credit Card,12.0,No
209,40.0,Female,Home,250.14,Credit Card,11.0,No
210,54.0,Male,Sports,208.47,E-Wallet,7.0,No
211,49.0,Male,Sports,1080.73,Bank Transfer,7.0,No
212,50.0,Other,Electronics,12.58,Debit Card,7.0,No
213,18.0,Female,Home,490.44,E-Wallet,2.0,No
214,36.0,Male,Home,272.48,Bank Transfer,6.0,No
215,19.0,Female,Sports,156.64,Bank Transfer,2.0,No
216,61.0,Female,Beauty,46.64,Bank Transfer,6.0,No
217,43.0,Female,Electronics,402.03,E-Wallet,13.0,No
218,49.0,Female,Sports,169.87,E-Wallet,10.0,No
219,23.0,Male,Fashion,135.62,Bank Transfer,,No
220,49.0,,Fashion,204.22,Credit Card,14.0,No
221,21.0,Male,Electronics,216.2,Credit Card,2.0,No
222,28.0,Female,Beauty,63.78,E-Wallet,12.0,No
223,34.0,Female,Sports,139.94,E-Wallet,14.0,No
224,55.0,Male,Home,6248.35,E-Wallet,6.0,No
225,41.0,Male,Electronics,172.63,Bank Transfer,2.0,No
226,22.0,Female,Beauty,112.74,Credit Card,5.0,No
227,51.0,,Home,165.98,E-Wallet,2.0,Yes
228,23.0,Female,Fashion,226.62,E-Wallet,3.0,Yes
229,39.0,Male,Fashion,193.79,Debit Card,3.0,No
230,28.0,,Home,243.72,Bank Transfer,,No
231,,Male,Electronics,149.2,Debit Card,6.0,No
232,50.0,Other,Fashion,195.8,Credit Card,10.0,Yes
233,26.0,Male,Sports,161.39,Debit Card,3.0,Yes
234,23.0,Female,Home,266.36,Debit Card,3.0,No
235,33.0,Male,Home,206.06,Debit Card,13.0,No
236,46.0,Female,Fashion,55.5,Bank Transfer,12.0,No
237,20.0,Female,Electronics,263.8,Credit Card,13.0,Yes
238,37.0,Female,Sports,266.82,Debit Card,1.0,No
239,53.0,,Electronics,871.89,Bank Transfer,7.0,No
240,36.0,Male,Beauty,652.68,Credit Card,13.0,No
241,,Male,Beauty,285.77,E-Wallet,8.0,Yes
242,20.0,Other,Fashion,182.47,Debit Card,2.0,No
243,36.0,Female,Fashion,107.59,Credit Card,4.0,No
244,37.0,Female,Fashion,218.29,Debit Card,10.0,No
245,49.0,Female,Beauty,92.68,E-Wallet,7.0,No
246,24.0,Female,Electronics,400.24,Credit Card,8.0,No
247,58.0,Male,Electronics,22.4,Bank Transfer,1.0,Yes
248,50.0,Other,Fashion,346.35,Credit Card,4.0,No
249,57.0,Male,Sports,901.11,Bank Transfer,6.0,No
250,56.0,Male,Electronics,754.19,Credit Card,3.0,No
251,35.0,Female,Beauty,83.57,Bank Transfer,5.0,No
252,57.0,Male,Home,49.3,E-Wallet,10.0,No
253,18.0,Male,Home,513.5,E-Wallet,9.0,No
254,28.0,Female,Home,312.5,E-Wallet,11.0,No
255,45.0,Male,Sports,175.81,Credit Card,13.0,No
256,,Female,Fashion,334.08,E-Wallet,3.0,No
257,40.0,Male,Beauty,90.96,Debit Card,5.0,Yes
258,48.0,Male,Sports,317.76,E-Wallet,8.0,No
259,47.0,Male,Beauty,72.01,Bank Transfer,6.0,No
260,59.0,Male,Beauty,335.32,Bank Transfer,4.0,No
261,52.0,Female,Fashion,154.04,Bank Transfer,8.0,No
262,24.0,Male,Home,243.2,Credit Card,,No
263,,Female,Fashion,249.65,Debit Card,,Yes
264,43.0,Female,Sports,685.11,E-Wallet,3.0,No
265,19.0,Female,Sports,295.82,Debit Card,4.0,Yes
266,18.0,Other,Sports,413.13,Debit Card,9.0,Yes
267,29.0,Female,Fashion,290.36,Bank Transfer,5.0,No
268,22.0,Male,Beauty,188.73,Bank Transfer,8.0,No
269,54.0,Male,Beauty,164.78,Bank Transfer,6.0,No
270,49.0,Male,Electronics,164.22,Credit Card,3.0,No
271,26.0,Female,Sports,328.74,Debit Card,8.0,No
272,58.0,Male,Beauty,563.01,Debit Card,12.0,No
273,52.0,Female,Electronics,575.02,Credit Card,9.0,No
274,36.0,Female,Beauty,160.94,Credit Card,8.0,No
275,33.0,,Sports,372.6,Credit Card,13.0,No
276,20.0,Female,Home,135.17,Debit Card,4.0,No
277,37.0,Male,Sports,483.77,Debit Card,14.0,No
278,41.0,Male,Fashion,145.01,Bank Transfer,14.0,No
279,50.0,Female,Beauty,525.04,Bank Transfer,13.0,No
280,41.0,Female,Beauty,363.48,Debit Card,11.0,No
281,28.0,Female,Fashion,145.61,Bank Transfer,6.0,Yes
282,25.0,Male,Fashion,398.2,Credit Card,1.0,No
283,53.0,Male,Home,165.47,E-Wallet,4.0,No
284,55.0,Female,Beauty,1249.67,Bank Transfer,8.0,Yes
285,57.0,Female,Beauty,191.92,Debit Card,1.0,No
286,37.0,Female,Home,200.42,Bank Transfer,3.0,No
287,52.0,Male,Electronics,267.95,Bank Transfer,1.0,No
288,42.0,Female,Home,57.7,Bank Transfer,9.0,No
289,52.0,Male,Sports,393.22,E-Wallet,,No
290,42.0,Male,Beauty,81.08,Credit Card,9.0,No
291,46.0,Other,Fashion,530.35,Debit Card,13.0,No
292,35.0,Male,Sports,213.5,E-Wallet,4.0,No
293,63.0,Other,Beauty,353.31,Debit Card,2.0,No
294,35.0,Male,Home,297.16,Debit Card,4.0,No
295,19.0,Male,Sports,651.96,Debit Card,12.0,Yes
296,52.0,Female,Beauty,23.14,E-Wallet,11.0,No
297,33.0,Female,Electronics,132.96,Credit Card,11.0,No
298,58.0,Female,Electronics,301.82,Debit Card,10.0,No
299,53.0,Female,Fashion,52.95,Credit Card,6.0,No
300,50.0,Female,Beauty,518.94,Credit Card,11.0,No
301,21.0,Female,Electronics,315.99,Bank Transfer,7.0,No
302,50.0,Female,Home,158.79,E-Wallet,3.0,Yes
303,31.0,Male,Beauty,251.66,E-Wallet,3.0,No
304,38.0,Female,Home,130.95,Bank Transfer,12.0,No
305,37.0,Male,Home,20.04,Bank Transfer,10.0,Yes
306,25.0,Other,Electronics,148.33,Credit Card,12.0,No
307,24.0,Other,Beauty,29.09,Debit Card,8.0,Yes
308,20.0,Male,Sports,167.51,E-Wallet,5.0,No
309,34.0,Female,Electronics,215.64,Debit Card,4.0,Yes
310,50.0,Other,Electronics,428.71,Debit Card,7.0,Yes
311,,Male,Beauty,20.47,Bank Transfer,7.0,No
312,39.0,Female,Beauty,298.08,Debit Card,13.0,No
313,39.0,Other,Home,428.23,Credit Card,9.0,Yes
314,63.0,,Beauty,639.88,Bank Transfer,9.0,No
315,,Female,Home,90.62,Debit Card,,Yes
316,55.0,Male,Electronics,130.97,Bank Transfer,13.0,No
317,55.0,Other,Fashion,449.14,Credit Card,12.0,Yes
318,62.0,Other,Sports,100.89,Credit Card,13.0,No
319,,Other,Electronics,533.43,Debit Card,8.0,No
320,44.0,Female,Beauty,131.74,Bank Transfer,10.0,Yes
321,44.0,,Sports,530.95,Debit Card,1.0,No
322,51.0,,Fashion,130.03,Debit Card,9.0,No
323,38.0,Male,Fashion,784.99,Bank Transfer,8.0,No
324,47.0,Female,Home,500.29,Debit Card,6.0,No
325,50.0,Male,Sports,193.53,Credit Card,13.0,No
326,45.0,Female,Home,673.24,Bank Transfer,3.0,No
327,64.0,Male,Electronics,201.58,Bank Transfer,3.0,No
328,50.0,Male,Sports,268.17,Bank Transfer,8.0,No
329,22.0,Male,Electronics,421.48,Bank Transfer,5.0,No
330,36.0,Female,Home,332.68,Debit Card,10.0,No
331,21.0,Male,Sports,405.19,Debit Card,11.0,No
332,52.0,Female,Home,253.82,Credit Card,14.0,No
333,34.0,Male,Sports,162.02,E-Wallet,7.0,No
334,61.0,Male,Home,261.87,E-Wallet,5.0,Yes
335,45.0,Female,Fashion,377.98,Credit Card,8.0,No
336,47.0,Female,Home,416.63,E-Wallet,10.0,No
337,46.0,Male,Fashion,161.44,Credit Card,10.0,No
338,63.0,Female,Home,256.84,Debit Card,,Yes
339,23.0,Female,Sports,409.3,Bank Transfer,2.0,No
340,,Female,Sports,1178.24,Bank Transfer,3.0,No
341,58.0,Male,Sports,153.64,Debit Card,8.0,No
342,54.0,Male,Beauty,198.38,Bank Transfer,11.0,No
343,41.0,Female,Electronics,56.07,Bank Transfer,13.0,No
344,46.0,Male,Sports,186.79,E-Wallet,7.0,Yes
345,63.0,Female,Fashion,261.24,Debit Card,13.0,No
346,48.0,Female,Sports,205.33,E-Wallet,2.0,No
347,52.0,Other,Beauty,104.78,E-Wallet,6.0,Yes
348,50.0,Female,Fashion,185.85,Bank Transfer,9.0,No
349,38.0,Other,Beauty,91.83,Bank Transfer,4.0,No
350,49.0,Male,Fashion,521.3,Debit Card,9.0,No
351,40.0,Female,Home,304.27,Bank Transfer,2.0,Yes
352,50.0,Male,Electronics,170.14,Bank Transfer,2.0,No
353,20.0,Female,Electronics,145.52,Debit Card,9.0,No
354,35.0,Female,Beauty,411.25,Bank Transfer,12.0,No
355,42.0,Female,Electronics,37.29,E-Wallet,7.0,No
356,59.0,Other,Beauty,635.08,Debit Card,,No
357,48.0,Female,Beauty,487.24,Bank Transfer,1.0,No
358,20.0,Male,Beauty,71.08,Credit Card,,No
359,57.0,Male,Electronics,322.5,Debit Card,11.0,No
360,63.0,Female,Beauty,88.83,Debit Card,6.0,No
361,41.0,Male,Electronics,69.57,Credit Card,,No
362,49.0,Male,Beauty,39.91,Bank Transfer,7.0,No
363,64.0,Male,Sports,61.3,Bank Transfer,11.0,No
364,39.0,Male,Beauty,693.76,Debit Card,14.0,No
365,40.0,Male,Fashion,561.03,Debit Card,,No
366,19.0,Male,Beauty,242.38,Bank Transfer,6.0,No
367,44.0,Male,Home,99.41,Bank Transfer,2.0,Yes
368,59.0,Male,Beauty,535.61,E-Wallet,6.0,Yes
369,19.0,Other,Fashion,406.74,Debit Card,,No
370,43.0,Male,Fashion,247.54,Debit Card,9.0,No
371,34.0,Male,Electronics,264.7,Credit Card,12.0,No
372,57.0,Female,Sports,567.18,E-Wallet,1.0,No
373,50.0,Male,Beauty,20.05,Bank Transfer,13.0,Yes
374,26.0,Other,Electronics,573.91,E-Wallet,8.0,No
375,60.0,Female,Sports,857.87,Bank Transfer,5.0,Yes
376,56.0,Male,Beauty,225.82,Bank Transfer,1.0,No
377,46.0,Male,Home,44.21,E-Wallet,4.0,No
378,59.0,Female,Beauty,373.93,Debit Card,1.0,No
379,43.0,Other,Fashion,59.58,Bank Transfer,6.0,No
380,52.0,,Fashion,311.0,E-Wallet,,No
381,42.0,Female,Home,293.53,Credit Card,5.0,No
382,41.0,Male,Electronics,321.85,E-Wallet,7.0,No
383,30.0,Other,Sports,328.64,Credit Card,2.0,No
384,24.0,Male,Beauty,172.07,Bank Transfer,6.0,No
385,53.0,Other,Fashion,46.75,E-Wallet,6.0,Yes
386,62.0,Female,Electronics,393.5,E-Wallet,5.0,No
387,37.0,Female,Home,260.36,Credit Card,5.0,No
388,18.0,Female,Fashion,210.72,E-Wallet,,No
389,25.0,Male,Home,50.12,E-Wallet,3.0,No
390,63.0,Male,Beauty,113.18,Bank Transfer,10.0,No
391,33.0,Male,Sports,245.74,E-Wallet,10.0,No
392,31.0,,Fashion,870.06,Debit Card,11.0,No
393,29.0,Female,Fashion,67.51,Credit Card,12.0,No
394,40.0,Male,Beauty,157.57,E-Wallet,2.0,No
395,32.0,Male,Electronics,423.23,Credit Card,7.0,No
396,45.0,Other,Sports,78.96,Credit Card,1.0,No
397,51.0,Female,Fashion,426.82,Credit Card,6.0,No
398,,Other,Sports,32.88,E-Wallet,6.0,No
399,49.0,Other,Fashion,44.42,E-Wallet,3.0,No
400,40.0,Male,Sports,489.4,Credit Card,2.0,No
401,39.0,Male,Home,351.09,Debit Card,12.0,No
402,42.0,Female,Fashion,580.47,Credit Card,2.0,Yes
403,39.0,Female,Sports,653.42,Debit Card,14.0,No
404,39.0,Male,Electronics,501.85,Credit Card,13.0,No
405,59.0,Female,Home,45.59,Bank Transfer,9.0,Yes
406,23.0,Male,Home,156.89,Credit Card,11.0,Yes
407,32.0,Male,Electronics,201.01,Credit Card,5.0,No
408,60.0,,Sports,332.55,E-Wallet,7.0,Yes
409,54.0,Female,Beauty,383.4,Debit Card,12.0,No
410,50.0,Female,Electronics,149.9,Bank Transfer,5.0,No
411,25.0,Male,Sports,129.84,Debit Card,7.0,No
412,61.0,Female,Electronics,224.73,Bank Transfer,13.0,No
413,61.0,Male,Electronics,215.11,Credit Card,4.0,No
414,22.0,,Fashion,105.0,E-Wallet,8.0,No
415,56.0,Female,Sports,56.21,E-Wallet,13.0,No
416,21.0,Other,Beauty,145.57,Debit Card,11.0,No
417,23.0,Female,Fashion,315.88,E-Wallet,14.0,No
418,62.0,Female,Electronics,189.82,Debit Card,10.0,No
419,49.0,Female,Electronics,22.87,Debit Card,13.0,Yes
420,47.0,Female,Electronics,275.94,Bank Transfer,11.0,No
421,64.0,Male,Sports,221.56,Debit Card,10.0,Yes
422,52.0,Male,Sports,277.09,Bank Transfer,7.0,No
423,57.0,Male,Fashion,408.48,E-Wallet,10.0,No
424,33.0,Male,Beauty,231.62,Debit Card,5.0,No
425,30.0,Female,Fashion,96.41,Debit Card,11.0,No
426,59.0,,Home,226.55,Credit Card,,Yes
427,47.0,Male,Electronics,183.96,Debit Card,5.0,No
428,36.0,Male,Electronics,359.07,Debit Card,7.0,No
429,34.0,Female,Electronics,80.53,Credit Card,12.0,No
430,36.0,Male,Fashion,531.62,Credit Card,2.0,No
431,45.0,Female,Fashion,163.17,E-Wallet,5.0,No
432,43.0,Female,Electronics,154.67,Debit Card,10.0,No
433,54.0,Female,Fashion,572.28,E-Wallet,3.0,No
434,43.0,Female,Sports,506.9,E-Wallet,9.0,No
435,40.0,Female,Sports,150.01,Credit Card,13.0,No
436,26.0,Male,Fashion,93.8,Bank Transfer,,No
437,29.0,Female,Electronics,335.73,E-Wallet,13.0,No
438,,Female,Fashion,252.94,Bank Transfer,10.0,Yes
439,18.0,Male,Fashion,144.73,Debit Card,3.0,No
440,64.0,Female,Fashion,495.39,Credit Card,7.0,No
441,51.0,Female,Home,183.2,Debit Card,4.0,No
442,49.0,Female,Sports,102.76,Debit Card,14.0,Yes
443,42.0,Female,Beauty,296.53,Credit Card,3.0,No
444,57.0,Female,Beauty,64.43,Debit Card,8.0,No
445,62.0,Female,Home,138.23,Credit Card,13.0,No
446,18.0,Female,Fashion,420.95,Bank Transfer,4.0,No
447,33.0,Female,Home,232.49,Debit Card,11.0,No
448,56.0,Female,Home,247.79,Credit Card,1.0,No
449,22.0,Female,Electronics,133.42,E-Wallet,6.0,No
450,39.0,Female,Sports,159.89,Debit Card,10.0,No
451,46.0,,Beauty,75.88,Bank Transfer,,No
452,20.0,Female,Fashion,261.92,Credit Card,11.0,No
453,29.0,Female,Beauty,75.02,Debit Card,1.0,No
454,43.0,Male,Beauty,71.35,Debit Card,5.0,Yes
455,33.0,Female,Sports,176.12,Debit Card,7.0,Yes
456,54.0,Male,Beauty,407.22,Bank Transfer,6.0,No
457,39.0,Male,Beauty,81.95,Credit Card,14.0,No
458,46.0,Female,Home,394.24,E-Wallet,2.0,No
459,31.0,Male,Sports,314.32,E-Wallet,11.0,No
460,45.0,Female,Electronics,21.22,E-Wallet,4.0,Yes
461,22.0,Female,Fashion,228.18,Credit Card,11.0,No
462,64.0,Female,Beauty,78.35,E-Wallet,2.0,No
463,47.0,Male,Fashion,202.57,Bank Transfer,11.0,No
464,63.0,Male,Electronics,150.27,Credit Card,1.0,No
465,22.0,Female,Fashion,642.82,Debit Card,3.0,No
466,29.0,Other,Electronics,305.41,Bank Transfer,3.0,No
467,33.0,Female,Home,156.45,Debit Card,12.0,No
468,43.0,Male,Beauty,239.91,E-Wallet,7.0,No
469,43.0,Female,Electronics,380.34,Bank Transfer,1.0,No
470,38.0,Female,Fashion,204.96,Credit Card,9.0,No
471,56.0,Female,Beauty,605.26,Bank Transfer,11.0,Yes
472,53.0,Male,Home,211.73,Debit Card,6.0,Yes
473,50.0,Female,Beauty,267.44,Credit Card,4.0,No
474,47.0,Female,Electronics,187.65,Bank Transfer,3.0,No
475,54.0,Other,Home,113.15,Bank Transfer,3.0,No
476,40.0,Male,Fashion,144.08,Bank Transfer,2.0,No
477,27.0,Female,Home,195.3,Bank Transfer,2.0,No
478,22.0,Other,Home,442.32,Credit Card,14.0,No
479,53.0,Male,Sports,499.52,Debit Card,12.0,No
480,51.0,Other,Home,653.12,Bank Transfer,13.0,No
481,48.0,Female,Home,110.71,Credit Card,10.0,No
482,27.0,Male,Beauty,351.47,Debit Card,5.0,No
483,36.0,Male,Fashion,459.69,Bank Transfer,9.0,No
484,49.0,Female,Beauty,92.58,Debit Card,2.0,No
485,18.0,Male,Beauty,221.72,Debit Card,2.0,No
486,,Female,Electronics,36.88,Credit Card,12.0,No
487,62.0,Male,Beauty,322.81,Debit Card,6.0,No
488,21.0,Female,Sports,494.98,Credit Card,13.0,Yes
489,33.0,Male,Sports,57.33,Bank Transfer,10.0,No
490,41.0,,Electronics,119.83,Debit Card,2.0,No
491,33.0,Other,Fashion,116.73,Debit Card,12.0,No
492,19.0,Other,Fashion,87.94,E-Wallet,4.0,No
493,45.0,Female,Beauty,222.83,Bank Transfer,6.0,No
494,49.0,Male,Beauty,302.9,Bank Transfer,5.0,No
495,44.0,Female,Beauty,338.41,E-Wallet,1.0,No
496,37.0,Male,Fashion,398.07,E-Wallet,,No
497,41.0,Male,Home,658.01,Credit Card,1.0,No
498,29.0,,Sports,219.09,Credit Card,3.0,Yes
499,52.0,Female,Home,168.31,Debit Card,10.0,Yes
500,50.0,Female,Home,6248.35,Debit Card,5.0,No
501,50.0,Female,Fashion,221.06,Debit Card,14.0,No
502,60.0,Male,Home,143.28,Debit Card,10.0,No
503,54.0,Male,Electronics,544.31,Credit Card,13.0,No
504,,Other,Beauty,173.72,Bank Transfer,,No
505,20.0,,Electronics,334.21,Debit Card,13.0,No
506,18.0,Female,Sports,137.62,Bank Transfer,10.0,No
507,50.0,Male,Beauty,318.38,Debit Card,6.0,No
508,57.0,Female,Home,341.78,E-Wallet,12.0,No
509,27.0,Female,Sports,543.57,Debit Card,10.0,No
510,60.0,,Beauty,171.66,Debit Card,8.0,No
511,61.0,Male,Home,236.89,Debit Card,5.0,No
512,46.0,Female,Electronics,285.03,Credit Card,,No
513,30.0,Female,Beauty,215.75,E-Wallet,11.0,Yes
514,29.0,Male,Home,115.95,Debit Card,1.0,No
515,48.0,Other,Electronics,430.51,Debit Card,5.0,No
516,63.0,Male,Sports,228.96,Bank Transfer,3.0,No
517,19.0,Male,Sports,49.92,E-Wallet,4.0,No
518,52.0,Other,Sports,76.85,Debit Card,,No
519,40.0,Male,Sports,6248.35,Bank Transfer,,No
520,34.0,Female,Fashion,135.84,Bank Transfer,7.0,No
521,43.0,Male,Beauty,63.35,Credit Card,11.0,No
522,25.0,Male,Beauty,81.37,Bank Transfer,5.0,No
523,46.0,Other,Fashion,595.71,Debit Card,2.0,No
524,43.0,Male,Home,417.8,Credit Card,6.0,No
525,,Female,Home,499.77,Credit Card,11.0,No
526,,Male,Sports,583.15,Debit Card,6.0,Yes
527,51.0,Male,Electronics,163.46,E-Wallet,10.0,No
528,58.0,Male,Home,318.36,Bank Transfer,10.0,No
529,24.0,Female,Electronics,20.49,Credit Card,14.0,No
530,21.0,Male,Beauty,303.78,E-Wallet,11.0,No
531,62.0,Female,Electronics,109.45,Debit Card,6.0,No
532,28.0,Female,Beauty,139.62,Bank Transfer,14.0,No
533,46.0,Other,Fashion,255.38,Bank Transfer,9.0,Yes
534,53.0,Male,Fashion,204.34,Credit Card,11.0,No
535,42.0,Female,Sports,6248.35,Bank Transfer,8.0,No
536,38.0,Female,Home,140.44,Bank Transfer,8.0,No
537,53.0,Female,Sports,92.28,Bank Transfer,1.0,No
538,27.0,Female,Beauty,61.4,Bank Transfer,5.0,No
539,,Female,Sports,57.72,Debit Card,7.0,No
540,26.0,Female,Electronics,363.57,E-Wallet,6.0,No
541,41.0,Male,Beauty,171.19,Debit Card,5.0,Yes
542,52.0,Male,Fashion,527.68,Debit Card,8.0,No
543,52.0,Other,Home,335.11,Credit Card,3.0,No
544,53.0,Female,Beauty,276.83,Bank Transfer,6.0,Yes
545,35.0,Female,Beauty,78.0,Debit Card,5.0,No
546,56.0,Female,Electronics,76.39,Bank Transfer,8.0,No
547,49.0,Male,Home,223.74,Debit Card,4.0,No
548,41.0,Male,Fashion,212.17,Debit Card,,No
549,40.0,Female,Beauty,142.21,Credit Card,10.0,No
550,49.0,Male,Beauty,270.64,E-Wallet,14.0,No
551,54.0,Male,Electronics,253.67,E-Wallet,2.0,No
552,29.0,Female,Sports,220.71,Debit Card,9.0,No
553,30.0,Male,Fashion,436.82,Credit Card,13.0,Yes
554,,Female,Home,635.93,Bank Transfer,9.0,No
555,42.0,Male,Beauty,206.75,Bank Transfer,14.0,No
556,52.0,Female,Beauty,162.83,Debit Card,10.0,No
557,58.0,Male,Fashion,661.13,E-Wallet,10.0,No
558,47.0,Female,Sports,236.02,Credit Card,13.0,No
559,34.0,Male,Beauty,354.5,E-Wallet,6.0,No
560,37.0,Male,Fashion,108.37,Bank Transfer,4.0,No
561,42.0,Male,Electronics,106.73,E-Wallet,4.0,No
562,,Female,Sports,163.94,Bank Transfer,13.0,No
563,30.0,Female,Home,231.02,Credit Card,6.0,No
564,36.0,Male,Beauty,244.14,Credit Card,5.0,Yes
565,53.0,Female,Fashion,148.78,Debit Card,6.0,No
566,29.0,Female,Electronics,283.44,Debit Card,7.0,No
567,,Female,Home,267.19,E-Wallet,7.0,No
568,36.0,Male,Fashion,561.44,Credit Card,9.0,No
569,29.0,Female,Fashion,110.2,Credit Card,8.0,No
570,26.0,Male,Home,341.75,Debit Card,13.0,Yes
571,,Male,Electronics,203.64,Bank Transfer,6.0,Yes
572,45.0,,Electronics,135.95,E-Wallet,12.0,Yes
573,31.0,Male,Sports,75.29,E-Wallet,6.0,No
574,48.0,Female,Beauty,236.28,Debit Card,14.0,No
575,36.0,Female,Home,163.27,Credit Card,5.0,Yes
576,64.0,Female,Home,223.59,Debit Card,1.0,No
577,33.0,Female,Home,66.91,Debit Card,9.0,No
578,22.0,Male,Electronics,232.15,Debit Card,9.0,No
579,52.0,Male,Beauty,221.31,Debit Card,9.0,No
580,29.0,Female,Sports,359.36,Bank Transfer,11.0,No
581,,Male,Fashion,532.29,Bank Transfer,8.0,No
582,38.0,Male,Fashion,275.5,Credit Card,13.0,No
583,53.0,Male,Home,128.24,Debit Card,10.0,No
584,40.0,Male,Beauty,237.04,Bank Transfer,13.0,No
585,33.0,Male,Electronics,173.99,Credit Card,3.0,No
586,56.0,Male,Beauty,270.15,Debit Card,1.0,No
587,62.0,Female,Beauty,43.95,E-Wallet,,No
588,59.0,Female,Electronics,421.04,Bank Transfer,12.0,No
589,56.0,Female,Home,107.87,Credit Card,12.0,No
590,31.0,Male,Beauty,103.63,E-Wallet,8.0,No
591,48.0,Male,Fashion,212.04,Debit Card,7.0,No
592,22.0,Male,Electronics,173.42,Debit Card,13.0,No
593,52.0,Female,Sports,270.37,Debit Card,,No
594,40.0,Female,Home,227.29,Bank Transfer,10.0,No
595,46.0,Male,Electronics,377.28,Credit Card,7.0,No
596,60.0,Other,Sports,178.9,E-Wallet,10.0,No
597,28.0,Male,Sports,233.98,Credit Card,4.0,No
598,35.0,Female,Beauty,577.55,Bank Transfer,,No
599,64.0,Female,Beauty,109.39,Credit Card,11.0,No
600,29.0,Female,Beauty,86.68,Bank Transfer,10.0,No
601,,Female,Electronics,215.74,Debit Card,14.0,No
602,27.0,Female,Electronics,45.0,E-Wallet,2.0,No
603,61.0,Male,Home,92.59,Debit Card,9.0,No
604,34.0,Female,Beauty,72.24,Credit Card,9.0,Yes
605,,Male,Sports,6248.35,Debit Card,5.0,No
606,24.0,Female,Fashion,113.85,E-Wallet,11.0,No
607,63.0,Female,Home,160.78,Debit Card,,No
608,30.0,Female,Electronics,120.72,E-Wallet,7.0,No
609,57.0,Female,Home,68.27,E-Wallet,10.0,No
610,59.0,Female,Home,18.68,Debit Card,10.0,Yes
611,26.0,,Home,144.62,Bank Transfer,,No
612,44.0,Female,Home,161.59,Credit Card,9.0,No
613,19.0,Male,Fashion,42.18,Bank Transfer,6.0,No
614,22.0,Male,Beauty,142.41,Bank Transfer,13.0,No
615,46.0,Male,Sports,178.52,Debit Card,3.0,No
616,54.0,Male,Home,233.12,Credit Card,6.0,No
617,55.0,Female,Home,295.49,Credit Card,13.0,Yes
618,36.0,Male,Home,358.22,Bank Transfer,10.0,No
619,,Other,Beauty,107.67,Debit Card,6.0,No
620,62.0,,Electronics,113.67,Credit Card,5.0,No
621,18.0,Male,Electronics,75.66,Bank Transfer,2.0,No
622,39.0,Female,Fashion,174.34,Credit Card,10.0,No
623,34.0,Female,Electronics,164.84,Debit Card,10.0,Yes
624,24.0,Female,Home,12.46,Debit Card,2.0,No
625,42.0,Female,Home,54.2,Debit Card,7.0,No
626,62.0,Female,Home,184.21,Credit Card,2.0,No
627,21.0,Male,Fashion,230.36,E-Wallet,12.0,No
628,53.0,Other,Home,77.03,Credit Card,6.0,No
629,23.0,Other,Electronics,384.51,E-Wallet,5.0,No
630,48.0,Female,Beauty,426.04,Debit Card,4.0,No
631,36.0,Male,Beauty,123.02,Bank Transfer,7.0,No
632,61.0,Female,Sports,167.13,E-Wallet,8.0,Yes
633,56.0,Male,Electronics,182.09,Debit Card,4.0,Yes
634,44.0,Male,Home,245.45,Debit Card,1.0,No
635,27.0,Male,Beauty,176.47,E-Wallet,1.0,No
636,43.0,,Electronics,196.03,Bank Transfer,1.0,No
637,36.0,Female,Beauty,73.48,Debit Card,11.0,No
638,56.0,Female,Home,98.73,E-Wallet,1.0,No
639,20.0,,Beauty,181.94,Bank Transfer,5.0,No
640,62.0,Male,Sports,202.51,Bank Transfer,4.0,No
641,30.0,Male,Sports,553.39,Debit Card,13.0,No
642,45.0,Male,Beauty,270.67,Credit Card,14.0,No
643,37.0,Other,Electronics,68.6,Credit Card,9.0,No
644,45.0,Male,Electronics,155.86,Debit Card,3.0,No
645,25.0,Female,Electronics,147.86,Bank Transfer,14.0,No
646,58.0,Female,Beauty,168.31,Debit Card,7.0,No
647,56.0,Male,Electronics,222.78,E-Wallet,11.0,Yes
648,18.0,Female,Home,131.65,Credit Card,8.0,No
649,20.0,Female,Sports,452.91,E-Wallet,6.0,No
650,30.0,Female,Home,62.0,Debit Card,12.0,No
651,45.0,Other,Electronics,181.79,Debit Card,13.0,Yes
652,42.0,Male,Home,617.9,Bank Transfer,10.0,No
653,50.0,Male,Electronics,115.14,Bank Transfer,13.0,No
654,55.0,Female,Beauty,116.99,Bank Transfer,1.0,No
655,23.0,Other,Home,591.29,E-Wallet,8.0,No
656,61.0,Male,Beauty,257.74,Bank Transfer,10.0,No
657,62.0,Female,Beauty,188.12,Debit Card,3.0,Yes
658,49.0,Female,Fashion,186.51,Bank Transfer,8.0,No
659,62.0,Female,Electronics,418.08,Credit Card,12.0,No
660,64.0,Male,Sports,123.05,Bank Transfer,4.0,No
661,38.0,Female,Electronics,59.06,E-Wallet,8.0,No
662,33.0,Other,Sports,63.26,Credit Card,11.0,No
663,38.0,,Electronics,251.08,Credit Card,1.0,No
664,28.0,Male,Beauty,99.81,Credit Card,3.0,No
665,54.0,Other,Home,223.04,E-Wallet,6.0,No
666,53.0,Male,Home,71.16,Debit Card,9.0,No
667,52.0,Female,Fashion,281.58,Bank Transfer,2.0,No
668,36.0,Female,Sports,726.73,Credit Card,11.0,No
669,37.0,Male,Sports,240.56,Credit Card,1.0,No
670,35.0,Female,Sports,2.68,Credit Card,10.0,No
671,64.0,Male,Beauty,460.41,Debit Card,3.0,No
672,58.0,Female,Sports,109.69,Debit Card,4.0,No
673,31.0,Male,Home,36.07,E-Wallet,11.0,No
674,32.0,Female,Beauty,20.36,Debit Card,5.0,Yes
675,48.0,Male,Electronics,781.03,Bank Transfer,3.0,No
676,18.0,Male,Sports,201.7,E-Wallet,13.0,No
677,20.0,Other,Sports,114.37,E-Wallet,10.0,Yes
678,33.0,Male,Electronics,145.16,Bank Transfer,11.0,No
679,40.0,Female,Sports,36.84,Bank Transfer,2.0,No
680,28.0,Male,Electronics,225.8,Bank Transfer,2.0,No
681,29.0,Female,Beauty,298.4,E-Wallet,7.0,No
682,27.0,Male,Home,72.77,E-Wallet,9.0,No
683,49.0,Other,Electronics,247.23,E-Wallet,10.0,No
684,33.0,Female,Fashion,889.76,Bank Transfer,2.0,No
685,25.0,Male,Electronics,325.71,Bank Transfer,7.0,No
686,55.0,Male,Sports,191.53,Credit Card,,Yes
687,29.0,Male,Beauty,61.97,Debit Card,11.0,No
688,41.0,Female,Beauty,343.64,Credit Card,7.0,No
689,45.0,Male,Electronics,262.97,Bank Transfer,3.0,No
690,25.0,Female,Home,110.55,E-Wallet,12.0,No
691,45.0,Male,Fashion,262.44,Bank Transfer,7.0,No
692,53.0,Male,Beauty,6248.35,Debit Card,1.0,No
693,,Female,Sports,212.48,Credit Card,10.0,No
694,25.0,Female,Sports,156.55,Credit Card,1.0,No
695,45.0,Male,Home,542.8,E-Wallet,5.0,No
696,45.0,Male,Beauty,185.6,Credit Card,2.0,Yes
697,54.0,Male,Electronics,807.43,Credit Card,9.0,No
698,,Female,Sports,180.93,Bank Transfer,7.0,No
699,53.0,Female,Home,265.85,Credit Card,4.0,No
700,44.0,Female,Beauty,471.51,Credit Card,4.0,No
701,,Female,Beauty,332.87,Credit Card,2.0,No
702,26.0,Female,Beauty,18.97,E-Wallet,5.0,No
703,50.0,Female,Beauty,264.15,E-Wallet,4.0,No
704,37.0,Female,Beauty,252.19,Bank Transfer,12.0,No
705,30.0,Male,Sports,40.85,Credit Card,13.0,No
706,45.0,Male,Home,368.29,E-Wallet,1.0,No
707,46.0,Male,Beauty,43.78,E-Wallet,12.0,No
708,30.0,Male,Fashion,289.3,Bank Transfer,8.0,No
709,63.0,Female,Fashion,167.38,Debit Card,3.0,No
710,52.0,Other,Home,296.59,Credit Card,14.0,No
711,23.0,Male,Electronics,213.69,E-Wallet,,No
712,35.0,Male,Electronics,168.62,Bank Transfer,4.0,No
713,22.0,Female,Electronics,187.36,Bank Transfer,9.0,No
714,64.0,Other,Fashion,55.41,Bank Transfer,,No
715,42.0,Male,Electronics,379.67,E-Wallet,9.0,No
716,19.0,Female,Sports,69.34,Credit Card,10.0,Yes
717,27.0,Male,Beauty,228.87,Debit Card,3.0,No
718,47.0,Male,Fashion,219.68,Credit Card,1.0,No
719,62.0,Other,Home,380.09,Bank Transfer,5.0,No
720,22.0,Other,Home,127.44,Bank Transfer,3.0,No
721,50.0,Male,Beauty,6248.35,Debit Card,6.0,No
722,18.0,Other,Fashion,190.02,Credit Card,8.0,No
723,35.0,Female,Electronics,255.21,Bank Transfer,11.0,No
724,49.0,Female,Electronics,186.32,Bank Transfer,13.0,No
725,64.0,Female,Sports,392.83,Credit Card,4.0,No
726,28.0,Female,Sports,181.82,Bank Transfer,5.0,No
727,38.0,Female,Electronics,22.38,Credit Card,5.0,No
728,43.0,Female,Home,82.82,Bank Transfer,4.0,No
729,42.0,Male,Home,510.08,Credit Card,4.0,No
730,39.0,,Sports,230.83,Debit Card,4.0,Yes
731,44.0,Male,Beauty,82.26,Bank Transfer,4.0,No
732,30.0,Female,Electronics,218.82,Debit Card,4.0,Yes
733,50.0,Male,Sports,174.61,Bank Transfer,5.0,No
734,51.0,Female,Sports,187.78,Bank Transfer,2.0,No
735,58.0,Other,Electronics,24.42,E-Wallet,2.0,No
736,52.0,Male,Electronics,246.61,Credit Card,9.0,No
737,18.0,Female,Home,45.81,Debit Card,2.0,No
738,38.0,Male,Beauty,76.87,Debit Card,6.0,No
739,23.0,Female,Beauty,85.03,Debit Card,2.0,No
740,45.0,Male,Electronics,104.79,Credit Card,5.0,No
741,34.0,Female,Fashion,193.15,E-Wallet,4.0,No
742,22.0,Female,Sports,206.36,Debit Card,12.0,No
743,48.0,Other,Sports,341.58,Credit Card,7.0,No
744,22.0,Female,Electronics,592.68,Bank Transfer,7.0,No
745,55.0,Female,Fashion,420.7,Debit Card,13.0,No
746,20.0,Female,Home,73.12,Debit Card,6.0,Yes
747,40.0,Female,Electronics,221.76,E-Wallet,10.0,No
748,54.0,Female,Electronics,400.99,Debit Card,5.0,No
749,54.0,Male,Sports,339.93,Debit Card,1.0,No
750,27.0,Other,Electronics,604.68,Bank Transfer,12.0,No
751,27.0,Female,Electronics,236.2,Credit Card,3.0,No
752,36.0,Female,Electronics,130.36,Credit Card,9.0,No
753,34.0,,Sports,367.57,E-Wallet,,No
754,38.0,Female,Home,233.15,Bank Transfer,1.0,Yes
755,31.0,Male,Home,287.25,Credit Card,5.0,No
756,26.0,Female,Electronics,514.6,Bank Transfer,2.0,No
757,63.0,Male,Sports,241.21,Credit Card,4.0,No
758,,Female,Home,414.94,Bank Transfer,14.0,No
759,62.0,,Home,129.6,E-Wallet,14.0,No
760,30.0,Male,Home,83.53,Debit Card,11.0,No
761,21.0,Other,Sports,199.73,E-Wallet,1.0,No
762,18.0,Male,Sports,179.61,Credit Card,3.0,No
763,57.0,Female,Electronics,413.36,E-Wallet,10.0,Yes
764,49.0,Female,Beauty,537.99,Debit Card,7.0,No
765,51.0,Female,Home,528.51,E-Wallet,10.0,No
766,45.0,Female,Beauty,14.05,Credit Card,3.0,No
767,48.0,Female,Sports,66.23,Credit Card,4.0,No
768,25.0,Male,Sports,129.78,E-Wallet,2.0,No
769,56.0,Male,Sports,133.04,Debit Card,3.0,No
770,43.0,Female,Beauty,96.19,E-Wallet,9.0,No
771,51.0,Female,Sports,131.69,Debit Card,3.0,No
772,20.0,Female,Electronics,534.19,Bank Transfer,11.0,No
773,29.0,Female,Sports,376.3,Debit Card,5.0,No
774,18.0,Male,Fashion,102.93,Bank Transfer,2.0,No
775,61.0,Female,Beauty,162.19,E-Wallet,,No
776,22.0,Male,Fashion,245.26,Debit Card,12.0,Yes
777,47.0,Female,Sports,28.09,Bank Transfer,13.0,Yes
778,47.0,Male,Electronics,161.04,Bank Transfer,,No
779,34.0,Male,Home,158.44,Bank Transfer,14.0,No
780,64.0,Male,Sports,153.85,Credit Card,7.0,No
781,40.0,Male,Electronics,382.38,E-Wallet,12.0,No
782,32.0,Female,Beauty,153.28,Bank Transfer,3.0,No
783,54.0,Male,Fashion,23.5,Debit Card,5.0,No
784,38.0,Male,Fashion,405.24,Bank Transfer,1.0,No
785,31.0,Male,Fashion,114.99,Credit Card,10.0,Yes
786,19.0,Male,Beauty,84.64,E-Wallet,10.0,No
787,28.0,Male,Electronics,119.46,Credit Card,10.0,No
788,56.0,Male,Beauty,546.52,Credit Card,11.0,No
789,55.0,Female,Fashion,41.54,Credit Card,1.0,No
790,51.0,Female,Sports,268.34,Debit Card,5.0,No
791,55.0,Female,Home,133.38,E-Wallet,13.0,No
792,51.0,Female,Beauty,261.21,E-Wallet,10.0,Yes
793,35.0,Male,Beauty,47.59,Debit Card,9.0,No
794,47.0,Female,Electronics,167.75,E-Wallet,1.0,No
795,32.0,Female,Electronics,161.74,Credit Card,1.0,No
796,44.0,Female,Beauty,161.74,E-Wallet,4.0,No
797,51.0,Male,Fashion,54.43,Debit Card,4.0,No
798,55.0,Male,Home,103.33,Credit Card,2.0,Yes
799,50.0,Male,Electronics,200.98,Debit Card,9.0,No
800,41.0,Male,Fashion,10.25,Bank Transfer,14.0,No
801,32.0,Female,Sports,45.41,Credit Card,9.0,No
802,47.0,,Electronics,183.29,Credit Card,,Yes
803,59.0,Female,Fashion,219.38,E-Wallet,13.0,No
804,34.0,Female,Fashion,143.08,Credit Card,2.0,No
805,22.0,Female,Home,197.15,Debit Card,14.0,No
806,,Female,Home,111.13,E-Wallet,9.0,No
807,21.0,Other,Sports,377.9,Bank Transfer,6.0,No
808,27.0,Male,Fashion,514.23,Debit Card,8.0,No
809,34.0,Male,Fashion,49.41,Bank Transfer,10.0,No
810,27.0,Male,Home,94.25,Bank Transfer,13.0,No
811,34.0,,Electronics,354.36,Bank Transfer,13.0,No
812,37.0,Female,Electronics,151.32,Credit Card,4.0,No
813,41.0,Male,Beauty,302.96,Debit Card,2.0,No
814,22.0,Other,Home,1000.45,Debit Card,2.0,No
815,51.0,,Beauty,130.35,Credit Card,9.0,No
816,23.0,Other,Home,154.1,E-Wallet,1.0,No
817,19.0,Male,Sports,6.31,Bank Transfer,12.0,No
818,30.0,Male,Fashion,490.93,Debit Card,7.0,No
819,60.0,Female,Sports,317.52,Credit Card,11.0,No
820,60.0,Male,Home,339.04,Bank Transfer,14.0,Yes
821,,,Fashion,225.64,E-Wallet,3.0,Yes
822,64.0,Male,Electronics,148.33,E-Wallet,3.0,No
823,40.0,Female,Electronics,391.1,Bank Transfer,2.0,No
824,33.0,Female,Beauty,6248.35,E-Wallet,14.0,No
825,48.0,Male,Home,435.65,Debit Card,10.0,No
826,28.0,Female,Home,107.04,Debit Card,6.0,No
827,33.0,Female,Electronics,150.33,Debit Card,13.0,No
828,25.0,,Sports,209.21,E-Wallet,10.0,No
829,21.0,Male,Fashion,208.22,Debit Card,2.0,No
830,57.0,Male,Sports,286.08,Credit Card,10.0,No
831,21.0,Male,Sports,59.63,Debit Card,4.0,No
832,42.0,Female,Electronics,194.28,Debit Card,10.0,No
833,20.0,Male,Electronics,269.35,E-Wallet,9.0,Yes
834,49.0,Female,Electronics,55.53,Debit Card,9.0,Yes
835,20.0,Female,Beauty,153.96,Bank Transfer,6.0,No
836,44.0,,Sports,518.36,Credit Card,13.0,No
837,46.0,Female,Home,136.59,E-Wallet,4.0,No
838,49.0,Male,Fashion,376.13,Credit Card,7.0,No
839,36.0,Other,Beauty,188.25,Bank Transfer,14.0,No
840,38.0,Female,Home,614.81,E-Wallet,1.0,No
841,22.0,Female,Sports,174.76,E-Wallet,12.0,No
842,35.0,Female,Electronics,206.19,Debit Card,4.0,No
843,45.0,Male,Sports,383.42,Credit Card,5.0,Yes
844,59.0,,Fashion,88.54,Bank Transfer,8.0,No
845,39.0,Other,Beauty,126.25,Bank Transfer,12.0,No
846,38.0,Female,Beauty,725.42,E-Wallet,2.0,Yes
847,23.0,Female,Fashion,113.41,Debit Card,,No
848,18.0,Female,Home,216.51,E-Wallet,5.0,No
849,22.0,Male,Home,289.59,E-Wallet,6.0,No
850,58.0,Male,Beauty,573.89,E-Wallet,5.0,Yes
851,29.0,Female,Beauty,32.75,E-Wallet,,Yes
852,43.0,Male,Electronics,73.8,Bank Transfer,9.0,No
853,63.0,,Home,336.96,Bank Transfer,10.0,No
854,51.0,Other,Fashion,582.66,E-Wallet,1.0,No
855,31.0,Male,Home,338.67,E-Wallet,14.0,No
856,43.0,Male,Electronics,64.17,Debit Card,3.0,No
857,62.0,Female,Beauty,127.84,E-Wallet,14.0,No
858,44.0,Male,Beauty,332.72,Bank Transfer,2.0,No
859,26.0,Female,Electronics,78.07,Credit Card,12.0,Yes
860,,Male,Fashion,456.51,Bank Transfer,13.0,No
861,64.0,Female,Beauty,209.59,Debit Card,3.0,No
862,39.0,Male,Sports,51.63,Bank Transfer,10.0,No
863,64.0,Female,Beauty,305.9,Credit Card,,No
864,47.0,,Sports,162.18,E-Wallet,13.0,No
865,60.0,Female,Electronics,125.71,Credit Card,14.0,No
866,34.0,Male,Electronics,83.91,E-Wallet,9.0,No
867,43.0,Female,Beauty,155.1,E-Wallet,10.0,No
868,53.0,,Home,170.84,Bank Transfer,2.0,No
869,18.0,Male,Sports,233.58,Bank Transfer,14.0,No
870,25.0,Male,Fashion,78.76,Bank Transfer,3.0,Yes
871,52.0,Male,Beauty,91.44,Debit Card,14.0,No
872,32.0,Female,Fashion,498.52,Bank Transfer,4.0,No
873,64.0,Female,Beauty,55.69,Debit Card,9.0,No
874,39.0,Female,Home,362.85,Bank Transfer,3.0,No
875,,Male,Home,34.93,E-Wallet,13.0,No
876,43.0,Male,Home,355.41,Debit Card,7.0,No
877,45.0,Female,Home,44.03,Credit Card,12.0,No
878,40.0,Female,Electronics,360.11,Debit Card,3.0,No
879,31.0,Other,Electronics,146.28,Debit Card,7.0,Yes
880,,Male,Sports,143.79,Credit Card,7.0,No
881,19.0,Female,Fashion,701.6,Debit Card,9.0,No
882,62.0,Male,Beauty,54.04,E-Wallet,2.0,Yes
883,43.0,Male,Beauty,145.62,Bank Transfer,13.0,No
884,31.0,Female,Electronics,268.47,Credit Card,6.0,No
885,24.0,Female,Beauty,310.11,Bank Transfer,9.0,No
886,20.0,Other,Electronics,582.85,E-Wallet,,No
887,64.0,Male,Sports,41.02,Credit Card,12.0,No
888,40.0,Male,Fashion,528.09,Bank Transfer,2.0,No
889,63.0,,Sports,79.14,Bank Transfer,2.0,No
890,60.0,Female,Home,89.69,E-Wallet,13.0,No
891,64.0,Male,Home,395.78,Bank Transfer,14.0,No
892,62.0,Male,Home,465.58,E-Wallet,5.0,Yes
893,35.0,Male,Sports,96.66,Debit Card,10.0,No
894,55.0,Female,Beauty,323.74,E-Wallet,10.0,No
895,52.0,Male,Fashion,145.28,Debit Card,12.0,No
896,,Male,Home,176.32,Credit Card,10.0,Yes
897,42.0,Male,Home,145.11,Bank Transfer,8.0,No
898,54.0,Male,Home,54.44,E-Wallet,11.0,No
899,45.0,Male,Fashion,202.39,E-Wallet,9.0,Yes
900,27.0,Female,Home,123.13,Bank Transfer,2.0,No
901,56.0,Male,Fashion,452.86,Bank Transfer,5.0,No
902,34.0,Female,Home,284.08,Credit Card,14.0,No
903,56.0,Male,Sports,366.38,Credit Card,7.0,No
904,39.0,Female,Sports,159.34,E-Wallet,6.0,No
905,43.0,Female,Fashion,144.01,Credit Card,6.0,No
906,61.0,Female,Sports,177.0,Debit Card,7.0,No
907,42.0,Female,Fashion,671.42,Credit Card,3.0,No
908,34.0,Male,Sports,77.63,Credit Card,13.0,No
909,30.0,Male,Sports,147.37,E-Wallet,3.0,No
910,37.0,Female,Fashion,138.0,Debit Card,10.0,No
911,,Other,Beauty,356.16,Credit Card,9.0,Yes
912,21.0,Female,Sports,207.15,Debit Card,14.0,Yes
913,27.0,Female,Home,117.64,Debit Card,8.0,No
914,20.0,Female,Beauty,411.05,Debit Card,5.0,No
915,58.0,Female,Fashion,459.55,Bank Transfer,6.0,No
916,62.0,Male,Beauty,498.7,Bank Transfer,11.0,No
917,35.0,Female,Electronics,161.41,Bank Transfer,12.0,No
918,64.0,Other,Electronics,280.67,Bank Transfer,10.0,Yes
919,53.0,Male,Sports,149.32,E-Wallet,1.0,Yes
920,64.0,Female,Sports,252.43,Credit Card,,No
921,39.0,Male,Home,269.93,Bank Transfer,12.0,No
922,51.0,Female,Beauty,144.92,E-Wallet,1.0,No
923,64.0,Male,Electronics,177.39,Credit Card,4.0,No
924,,Female,Sports,99.74,Bank Transfer,2.0,No
925,57.0,Female,Beauty,76.63,Credit Card,11.0,No
926,,Male,Sports,197.78,Bank Transfer,7.0,No
927,36.0,Female,Sports,180.51,E-Wallet,2.0,No
928,59.0,Female,Electronics,145.14,Debit Card,10.0,No
929,58.0,Other,Electronics,327.53,Debit Card,2.0,No
930,54.0,Male,Sports,205.31,Credit Card,5.0,Yes
931,23.0,Male,Fashion,227.33,E-Wallet,4.0,Yes
932,43.0,Male,Sports,526.3,Debit Card,8.0,No
933,51.0,Other,Sports,485.34,Bank Transfer,4.0,No
934,62.0,Other,Home,295.69,Debit Card,14.0,No
935,23.0,Female,Home,393.08,Credit Card,12.0,Yes
936,54.0,Female,Home,33.44,Credit Card,6.0,No
937,50.0,Female,Fashion,330.22,E-Wallet,5.0,No
938,39.0,Female,Fashion,177.58,Credit Card,11.0,No
939,38.0,Male,Sports,322.29,Debit Card,14.0,No
940,23.0,Female,Home,101.77,Debit Card,2.0,No
941,23.0,Male,Fashion,141.27,Debit Card,11.0,No
942,21.0,Female,Electronics,130.46,Debit Card,13.0,No
943,47.0,Female,Sports,169.43,E-Wallet,12.0,No
944,28.0,Female,Beauty,342.15,Bank Transfer,14.0,No
945,47.0,Male,Sports,78.43,Bank Transfer,8.0,Yes
946,48.0,Male,Beauty,186.59,E-Wallet,2.0,No
947,41.0,Male,Home,220.97,Credit Card,9.0,Yes
948,26.0,Male,Beauty,59.55,Bank Transfer,9.0,No
949,20.0,,Home,217.2,Credit Card,3.0,No
950,48.0,Other,Electronics,113.01,Bank Transfer,4.0,No
951,57.0,Female,Beauty,180.64,Credit Card,8.0,No
952,54.0,Male,Sports,417.39,E-Wallet,9.0,No
953,53.0,Male,Home,178.79,Debit Card,3.0,No
954,,Male,Sports,460.54,Credit Card,5.0,No
955,48.0,Female,Fashion,150.66,Debit Card,11.0,No
956,23.0,Female,Home,95.81,Credit Card,8.0,Yes
957,,,Beauty,269.19,Credit Card,3.0,No
958,37.0,Female,Home,233.01,Credit Card,7.0,No
959,45.0,Other,Sports,296.28,Credit Card,11.0,No
960,28.0,Female,Electronics,135.25,Credit Card,8.0,No
961,21.0,Male,Home,325.09,Debit Card,10.0,No
962,32.0,Other,Beauty,100.2,Credit Card,11.0,No
963,23.0,Male,Fashion,954.69,Debit Card,14.0,No
964,47.0,Female,Electronics,328.26,E-Wallet,3.0,No
965,55.0,Male,Fashion,357.97,Bank Transfer,2.0,No
966,19.0,Female,Home,374.47,Credit Card,10.0,No
967,32.0,Female,Sports,342.74,Bank Transfer,13.0,No
968,28.0,Female,Sports,82.18,Debit Card,7.0,No
969,25.0,Female,Beauty,220.42,E-Wallet,12.0,No
970,43.0,Male,Sports,167.38,E-Wallet,9.0,No
971,62.0,Male,Electronics,247.13,E-Wallet,1.0,No
972,61.0,Male,Sports,227.33,Bank Transfer,3.0,No
973,22.0,Male,Beauty,95.92,Debit Card,5.0,No
974,,Female,Home,382.33,Credit Card,3.0,Yes
975,43.0,Male,Home,583.77,Credit Card,1.0,No
976,21.0,Other,Sports,152.82,Debit Card,7.0,No
977,36.0,Female,Fashion,252.24,Bank Transfer,7.0,No
978,37.0,Female,Home,274.35,Credit Card,10.0,No
979,50.0,Male,Sports,126.54,Debit Card,12.0,No
980,37.0,Female,Beauty,206.49,Credit Card,8.0,No
981,29.0,Other,Sports,35.35,E-Wallet,5.0,No
982,64.0,Female,Home,284.16,Credit Card,10.0,No
983,18.0,Female,Beauty,404.4,Bank Transfer,12.0,No
984,43.0,Female,Sports,158.87,Debit Card,5.0,No
985,31.0,Male,Electronics,142.31,Bank Transfer,5.0,No
986,55.0,Female,Beauty,364.02,Debit Card,1.0,No
987,54.0,Male,Electronics,56.0,E-Wallet,10.0,No
988,28.0,Male,Fashion,225.78,Debit Card,5.0,No
989,53.0,Male,Beauty,118.76,Credit Card,6.0,No
990,30.0,Male,Electronics,62.33,Credit Card,13.0,No
991,60.0,Male,Home,310.71,E-Wallet,12.0,No
992,20.0,Male,Home,350.05,Debit Card,1.0,No
993,50.0,Other,Fashion,83.72,E-Wallet,11.0,No
994,23.0,Female,Beauty,376.45,Credit Card,7.0,No
995,27.0,Other,Beauty,279.94,Bank Transfer,1.0,No
996,22.0,Male,Beauty,85.03,E-Wallet,11.0,No
997,40.0,Male,Fashion,65.99,Bank Transfer,2.0,No
998,27.0,Female,Beauty,599.03,Bank Transfer,2.0,No
999,61.0,Male,Home,174.98,Debit Card,5.0,Yes
1000,19.0,Male,Electronics,47.07,E-Wallet,14.0,Yes
